emoji,makna
ğŸ˜€,kebahagiaan
ğŸ˜ƒ,kebahagiaan
ğŸ˜„,kebahagiaan
ğŸ˜,kebahagiaan
ğŸ˜†,tawa
ğŸ˜…,tawa
ğŸ¤£,tertawa
ğŸ˜‚,tertawa
ğŸ™‚,kebahagiaan
ğŸ™ƒ,ironi
ğŸ˜‰,kedip
ğŸ˜Š,kebahagiaan
ğŸ˜‡,doa
ğŸ¥°,kebahagiaan
ğŸ˜,antusias
ğŸ¤©,Starstruck
ğŸ˜˜,ciuman
ğŸ˜—,siulan
â˜º,kebahagiaan
ğŸ˜š,romantis
ğŸ˜™,siulan
ğŸ¥²,kebahagiaan
ğŸ˜‹,menikmati
ğŸ˜›,kebahagiaan
ğŸ˜œ,kegembiraan
ğŸ¤ª,seru
ğŸ˜,kebahagiaan
ğŸ¤‘,mencari uang
ğŸ¤—,kegembiraan
ğŸ¤­,terengah -engah
ğŸ¤«,diam
ğŸ¤”,merenungkan
ğŸ¤,Mulut ritsleting
ğŸ¤¨,terangkat alis
ğŸ˜,netral
ğŸ˜‘,frustrasi
ğŸ˜¶,kesunyian
ğŸ˜¶â€ğŸŒ«ï¸,keadaan pikiran berkabut
ğŸ˜,menyeringai
ğŸ˜’,tidak biasa
ğŸ™„,Mata berguling
ğŸ˜¬,tegang
ğŸ˜®â€ğŸ’¨,lega
ğŸ¤¥,pembohong
ğŸ˜Œ,kebahagiaan
ğŸ˜”,termenung
ğŸ˜ª,lelah
ğŸ¤¤,lelah
ğŸ˜´,kebosanan
ğŸ˜·,Topeng Medis
ğŸ¤’,panas
ğŸ¤•,cedera
ğŸ¤¢,enek
ğŸ¤®,menjijikkan
ğŸ¤§,bersin
ğŸ¥µ,terlalu panas
ğŸ¥¶,beku
ğŸ¥´,Cinta
ğŸ˜µ,tersingkir
ğŸ˜µâ€ğŸ’«,pusing
ğŸ¤¯,pikiran meledak
ğŸ¤ ,koboi
ğŸ¥³,riang
ğŸ¥¸,candaan
ğŸ˜,Dingin
ğŸ¤“,kutu buku
ğŸ§,merenungkan
ğŸ˜•,frustrasi
ğŸ˜Ÿ,kekhawatiran
ğŸ™,kekhawatiran
â˜¹,kekhawatiran
ğŸ˜®,kejutan
ğŸ˜¯,kegembiraan
ğŸ˜²,heran
ğŸ˜³,memerah
ğŸ¥º,permohonan
ğŸ˜¦,kekhawatiran
ğŸ˜§,kesedihan
ğŸ˜¨,dingin
ğŸ˜°,kesedihan
ğŸ˜¥,kekhawatiran
ğŸ˜¢,menangis
ğŸ˜­,menangis dengan keras
ğŸ˜±,kegembiraan
ğŸ˜–,terkutuk
ğŸ˜£,frustrasi
ğŸ˜,kecewa
ğŸ˜“,sedih
ğŸ˜©,frustrasi
ğŸ˜«,kegembiraan
ğŸ¥±,menguap
ğŸ˜¤,frustrasi
ğŸ˜¡,membenci
ğŸ˜ ,gangguan
ğŸ¤¬,frustrasi
ğŸ˜ˆ,kegembiraan
ğŸ‘¿,amarah
ğŸ’€,tengkorak
â˜ ,tengkorak dan tulang bersilang
ğŸ’©,kotoran
ğŸ¤¡,badut
ğŸ‘¹,raksasa
ğŸ‘º,Goblin
ğŸ‘»,hantu
ğŸ‘½,asing
ğŸ‘¾,asing
ğŸ¤–,robot
ğŸ˜º,kucing
ğŸ˜¸,kucing
ğŸ˜¹,kucing
ğŸ˜»,kucing
ğŸ˜¼,kucing
ğŸ˜½,kucing
ğŸ™€,kucing
ğŸ˜¿,kucing
ğŸ˜¾,kucing
ğŸ™ˆ,monyet
ğŸ™‰,monyet
ğŸ™Š,monyet
ğŸ’‹,tanda cium
ğŸ’Œ,surat cinta
ğŸ’˜,jantung
ğŸ’,jantung
ğŸ’–,jantung
ğŸ’—,Tumbuh hati
ğŸ’“,berdetak jantung
ğŸ’,hati berputar
ğŸ’•,dua hati
ğŸ’Ÿ,tombol jantung
â£,jantung
ğŸ’”,patah hati
â¤ï¸â€ğŸ”¥,menggebu-gebu
â¤ï¸â€ğŸ©¹,memperbaiki hati
â¤,Cinta
ğŸ§¡,oranye hati
ğŸ’›,hati kuning
ğŸ’š,hati hijau
ğŸ’™,hati biru
ğŸ’œ,hati ungu
ğŸ¤,hati coklat
ğŸ–¤,hati hitam
ğŸ¤,hati putih
ğŸ’¯,seratus persen
ğŸ’¢,marah
ğŸ’¥,tabrakan
ğŸ’«,pusing
ğŸ’¦,keringat
ğŸ’¨,berlari pergi
ğŸ•³,lubang
ğŸ’£,bom
ğŸ’¬,Balon pidato
ğŸ‘ï¸â€ğŸ—¨ï¸,gelembung ucapan
ğŸ—¨,gelembung ucapan
ğŸ—¯,marah
ğŸ’­,Balon berpikir
ğŸ’¤,zzz
ğŸ‘‹,melambai
ğŸ¤š,salam
ğŸ–,melambaikan tangan
âœ‹,lima tinggi
ğŸ––,Vulcan Salute
ğŸ‘Œ,menyinggung
ğŸ¤Œ,terjepit
ğŸ¤,jepitan
âœŒ,kemenangan
ğŸ¤,Jari -jari yang disilangkan
ğŸ¤Ÿ,Love You Gesture
ğŸ¤˜,tanda tanduk
ğŸ¤™,telepon saya
ğŸ‘ˆ,Lihat
ğŸ‘‰,penting
ğŸ‘†,menunjuk ke atas
ğŸ–•,jari tengah
ğŸ‘‡,menunjuk ke bawah
â˜,nomor satu
ğŸ‘,jempolan
ğŸ‘,jempol ke bawah
âœŠ,Tinju terangkat
ğŸ‘Š,tinju tinju
ğŸ¤›,tinju tinju
ğŸ¤œ,tinju tinju
ğŸ‘,bertepuk tangan
ğŸ™Œ,angkat tangan
ğŸ‘,buka tangan
ğŸ¤²,berdoa
ğŸ¤,jabat tangan
ğŸ™,berdoa
âœ,pensil
ğŸ’…,cat kuku
ğŸ¤³,Selfie
ğŸ’ª,bisep tertekuk
ğŸ¦¾,lengan mekanis
ğŸ¦¿,kaki mekanis
ğŸ¦µ,kaki
ğŸ¦¶,kaki
ğŸ‘‚,telinga
ğŸ¦»,Telinga dengan alat bantu dengar
ğŸ‘ƒ,hidung
ğŸ§ ,otak
ğŸ«€,hati anatomi
ğŸ«,paru-paru
ğŸ¦·,gigi
ğŸ¦´,tulang
ğŸ‘€,mata
ğŸ‘,mata
ğŸ‘…,lidah
ğŸ‘„,mulut
ğŸ‘¶,Sayang
ğŸ§’,anak
ğŸ‘¦,anak laki-laki
ğŸ‘§,gadis
ğŸ§‘,orang
ğŸ‘±,Rambut pirang orang
ğŸ‘¨,pria
ğŸ§”,Jenggot orang
ğŸ§”â€â™‚ï¸,pria jenggot
ğŸ§”â€â™€ï¸,wanita jenggot
ğŸ‘¨â€ğŸ¦°,Rambut merah pria
ğŸ‘¨â€ğŸ¦±,pria keriting pria
ğŸ‘¨â€ğŸ¦³,Rambut putih pria
ğŸ‘¨â€ğŸ¦²,pria botak
ğŸ‘©,wanita
ğŸ‘©â€ğŸ¦°,Rambut merah wanita
ğŸ§‘â€ğŸ¦°,Rambut merah orang
ğŸ‘©â€ğŸ¦±,Rambut keriting wanita
ğŸ§‘â€ğŸ¦±,rambut keriting orang
ğŸ‘©â€ğŸ¦³,Rambut putih wanita
ğŸ§‘â€ğŸ¦³,rambut putih orang
ğŸ‘©â€ğŸ¦²,wanita botak
ğŸ§‘â€ğŸ¦²,orang botak
ğŸ‘±â€â™€ï¸,Rambut pirang wanita
ğŸ‘±â€â™‚ï¸,Rambut pirang pria
ğŸ§“,orang yang lebih tua
ğŸ‘´,pria tua
ğŸ‘µ,wanita tua
ğŸ™,orang mengerutkan kening
ğŸ™â€â™‚ï¸,Pria mengerutkan kening
ğŸ™â€â™€ï¸,Wanita mengerutkan kening
ğŸ™,orang cemberut
ğŸ™â€â™‚ï¸,pria cemberut
ğŸ™â€â™€ï¸,wanita cemberut
ğŸ™…,orang yang memberi isyarat no
ğŸ™…â€â™‚ï¸,pria memberi isyarat tidak
ğŸ™…â€â™€ï¸,wanita memberi isyarat tidak
ğŸ™†,Orang yang memberi isyarat ok
ğŸ™†â€â™‚ï¸,Pria memberi isyarat ok
ğŸ™†â€â™€ï¸,Wanita memberi isyarat ok
ğŸ’,orang memberi tip
ğŸ’â€â™‚ï¸,Pria memberi tip
ğŸ’â€â™€ï¸,Wanita memberi tip
ğŸ™‹,orang mengangkat tangan
ğŸ™‹â€â™‚ï¸,Pria mengangkat tangan
ğŸ™‹â€â™€ï¸,wanita mengangkat tangan
ğŸ§,orang tuli
ğŸ§â€â™‚ï¸,pria tuli
ğŸ§â€â™€ï¸,wanita tuli
ğŸ™‡,orang membungkuk
ğŸ™‡â€â™‚ï¸,pria membungkuk
ğŸ™‡â€â™€ï¸,wanita membungkuk
ğŸ¤¦,orang facepalming
ğŸ¤¦â€â™‚ï¸,Facepalming Man
ğŸ¤¦â€â™€ï¸,Woman Facepalming
ğŸ¤·,orang mengangkat bahu
ğŸ¤·â€â™‚ï¸,Pria mengangkat bahu
ğŸ¤·â€â™€ï¸,wanita mengangkat bahu
ğŸ§‘â€âš•ï¸,pekerja kesehatan
ğŸ‘¨â€âš•ï¸,Pekerja Kesehatan Manusia
ğŸ‘©â€âš•ï¸,Pekerja Kesehatan Wanita
ğŸ§‘â€ğŸ“,murid
ğŸ‘¨â€ğŸ“,Mahasiswa pria
ğŸ‘©â€ğŸ“,siswa wanita
ğŸ§‘â€ğŸ«,guru
ğŸ‘¨â€ğŸ«,guru pria
ğŸ‘©â€ğŸ«,guru wanita
ğŸ§‘â€âš–ï¸,hakim
ğŸ‘¨â€âš–ï¸,Hakim Pria
ğŸ‘©â€âš–ï¸,Hakim Wanita
ğŸ§‘â€ğŸŒ¾,petani
ğŸ‘¨â€ğŸŒ¾,Petani pria
ğŸ‘©â€ğŸŒ¾,Petani Wanita
ğŸ§‘â€ğŸ³,memasak
ğŸ‘¨â€ğŸ³,Man Cook
ğŸ‘©â€ğŸ³,Wanita memasak
ğŸ§‘â€ğŸ”§,montir
ğŸ‘¨â€ğŸ”§,Mekanik pria
ğŸ‘©â€ğŸ”§,Mekanik Wanita
ğŸ§‘â€ğŸ­,pekerja pabrik
ğŸ‘¨â€ğŸ­,Pekerja pabrik pria
ğŸ‘©â€ğŸ­,Pekerja Pabrik Wanita
ğŸ§‘â€ğŸ’¼,pekerja kantor
ğŸ‘¨â€ğŸ’¼,Pekerja kantor pria
ğŸ‘©â€ğŸ’¼,Pekerja kantor wanita
ğŸ§‘â€ğŸ”¬,Ilmuwan
ğŸ‘¨â€ğŸ”¬,Ilmuwan pria
ğŸ‘©â€ğŸ”¬,Ilmuwan Wanita
ğŸ§‘â€ğŸ’»,teknologis
ğŸ‘¨â€ğŸ’»,Teknologi pria
ğŸ‘©â€ğŸ’»,Teknologi Wanita
ğŸ§‘â€ğŸ¤,penyanyi
ğŸ‘¨â€ğŸ¤,Penyanyi pria
ğŸ‘©â€ğŸ¤,penyanyi wanita
ğŸ§‘â€ğŸ¨,artis
ğŸ‘¨â€ğŸ¨,Artis pria
ğŸ‘©â€ğŸ¨,Artis Wanita
ğŸ§‘â€âœˆï¸,pilot
ğŸ‘¨â€âœˆï¸,Pilot pria
ğŸ‘©â€âœˆï¸,pilot wanita
ğŸ§‘â€ğŸš€,astronaut
ğŸ‘¨â€ğŸš€,Astronot pria
ğŸ‘©â€ğŸš€,astronot wanita
ğŸ§‘â€ğŸš’,petugas pemadam kebakaran
ğŸ‘¨â€ğŸš’,Petugas pemadam kebakaran pria
ğŸ‘©â€ğŸš’,Petugas pemadam kebakaran wanita
ğŸ‘®,polisi
ğŸ‘®â€â™‚ï¸,Petugas polisi pria
ğŸ‘®â€â™€ï¸,Petugas Polisi Wanita
ğŸ•µ,detektif
ğŸ•µï¸â€â™‚ï¸,Detektif Manusia
ğŸ•µï¸â€â™€ï¸,detektif wanita
ğŸ’‚,penjaga
ğŸ’‚â€â™‚ï¸,penjaga manusia
ğŸ’‚â€â™€ï¸,Woman Guard
ğŸ¥·,ninja
ğŸ‘·,Pekerja konstruksi
ğŸ‘·â€â™‚ï¸,Pekerja Konstruksi Manusia
ğŸ‘·â€â™€ï¸,Pekerja Konstruksi Wanita
ğŸ¤´,pangeran
ğŸ‘¸,putri
ğŸ‘³,orang yang memakai sorban
ğŸ‘³â€â™‚ï¸,Pria yang memakai sorban
ğŸ‘³â€â™€ï¸,wanita mengenakan sorban
ğŸ‘²,orang dengan Skullcap
ğŸ§•,Wanita dengan jilbab
ğŸ¤µ,orang di Tuxedo
ğŸ¤µâ€â™‚ï¸,Pria di Tuxedo
ğŸ¤µâ€â™€ï¸,Wanita di Tuxedo
ğŸ‘°,orang dengan tabir
ğŸ‘°â€â™‚ï¸,pria dengan tabir
ğŸ‘°â€â™€ï¸,wanita dengan tabir
ğŸ¤°,wanita hamil
ğŸ¤±,menyusui
ğŸ‘©â€ğŸ¼,Wanita memberi makan bayi
ğŸ‘¨â€ğŸ¼,pria memberi makan bayi
ğŸ§‘â€ğŸ¼,orang memberi makan bayi
ğŸ‘¼,Baby Angel
ğŸ…,Sinterklas
ğŸ¤¶,Nyonya Claus
ğŸ§‘â€ğŸ„,MX Claus
ğŸ¦¸,Super hero
ğŸ¦¸â€â™‚ï¸,Superhero Man
ğŸ¦¸â€â™€ï¸,superhero wanita
ğŸ¦¹,supervillain
ğŸ¦¹â€â™‚ï¸,manusia supervillain
ğŸ¦¹â€â™€ï¸,Supervillain wanita
ğŸ§™,mage
ğŸ§™â€â™‚ï¸,Pria Mage
ğŸ§™â€â™€ï¸,Wanita Mage
ğŸ§š,peri
ğŸ§šâ€â™‚ï¸,Peri pria
ğŸ§šâ€â™€ï¸,Peri Perempuan
ğŸ§›,Vampir
ğŸ§›â€â™‚ï¸,vampir pria
ğŸ§›â€â™€ï¸,vampir wanita
ğŸ§œ,Merperson
ğŸ§œâ€â™‚ï¸,ikan duyung jantan
ğŸ§œâ€â™€ï¸,putri duyung
ğŸ§,peri
ğŸ§â€â™‚ï¸,Peri Man
ğŸ§â€â™€ï¸,Peri Wanita
ğŸ§,jin
ğŸ§â€â™‚ï¸,pria jin
ğŸ§â€â™€ï¸,jin wanita
ğŸ§Ÿ,zombie
ğŸ§Ÿâ€â™‚ï¸,pria zombie
ğŸ§Ÿâ€â™€ï¸,wanita zombie
ğŸ’†,orang yang pijat
ğŸ’†â€â™‚ï¸,Pria yang pijat
ğŸ’†â€â™€ï¸,wanita yang dipijat
ğŸ’‡,orang mendapatkan potongan rambut
ğŸ’‡â€â™‚ï¸,Pria mendapatkan potongan rambut
ğŸ’‡â€â™€ï¸,wanita memotong rambut
ğŸš¶,orang berjalan
ğŸš¶â€â™‚ï¸,pria berjalan
ğŸš¶â€â™€ï¸,wanita berjalan
ğŸ§,orang berdiri
ğŸ§â€â™‚ï¸,pria berdiri
ğŸ§â€â™€ï¸,wanita berdiri
ğŸ§,orang berlutut
ğŸ§â€â™‚ï¸,pria berlutut
ğŸ§â€â™€ï¸,wanita berlutut
ğŸ§‘â€ğŸ¦¯,orang dengan tongkat putih
ğŸ‘¨â€ğŸ¦¯,Pria dengan tongkat putih
ğŸ‘©â€ğŸ¦¯,Wanita dengan tongkat putih
ğŸ§‘â€ğŸ¦¼,orang di kursi roda bermotor
ğŸ‘¨â€ğŸ¦¼,Pria di kursi roda bermotor
ğŸ‘©â€ğŸ¦¼,Wanita di kursi roda bermotor
ğŸ§‘â€ğŸ¦½,orang di kursi roda manual
ğŸ‘¨â€ğŸ¦½,Pria di kursi roda manual
ğŸ‘©â€ğŸ¦½,Wanita di kursi roda manual
ğŸƒ,orang berlari
ğŸƒâ€â™‚ï¸,pria berlari
ğŸƒâ€â™€ï¸,wanita berlari
ğŸ’ƒ,Wanita menari
ğŸ•º,pria menari
ğŸ•´,orang yang setelan jas melayang
ğŸ‘¯,orang dengan telinga kelinci
ğŸ‘¯â€â™‚ï¸,Pria dengan telinga kelinci
ğŸ‘¯â€â™€ï¸,Wanita dengan telinga kelinci
ğŸ§–,orang di kamar beruap
ğŸ§–â€â™‚ï¸,Pria di kamar beruap
ğŸ§–â€â™€ï¸,Wanita di kamar beruap
ğŸ§—,orang mendaki
ğŸ§—â€â™‚ï¸,pria mendaki
ğŸ§—â€â™€ï¸,Wanita mendaki
ğŸ¤º,Pagar orang
ğŸ‡,pacuan kuda
â›·,pemain ski
ğŸ‚,Snowboarder
ğŸŒ,orang golf
ğŸŒï¸â€â™‚ï¸,pria bermain golf
ğŸŒï¸â€â™€ï¸,Wanita bermain golf
ğŸ„,orang berselancar
ğŸ„â€â™‚ï¸,pria berselancar
ğŸ„â€â™€ï¸,wanita berselancar
ğŸš£,Perahu dayung orang
ğŸš£â€â™‚ï¸,perahu dayung pria
ğŸš£â€â™€ï¸,Perahu dayung wanita
ğŸŠ,orang berenang
ğŸŠâ€â™‚ï¸,pria berenang
ğŸŠâ€â™€ï¸,wanita berenang
â›¹,orang memantul bola
â›¹ï¸â€â™‚ï¸,Man Bouncing Ball
â›¹ï¸â€â™€ï¸,Wanita memantul bola
ğŸ‹,orang mengangkat beban
ğŸ‹ï¸â€â™‚ï¸,pria mengangkat beban
ğŸ‹ï¸â€â™€ï¸,Wanita mengangkat beban
ğŸš´,orang bersepeda
ğŸš´â€â™‚ï¸,pria bersepeda
ğŸš´â€â™€ï¸,Bersepeda wanita
ğŸšµ,bersepeda gunung
ğŸšµâ€â™‚ï¸,bersepeda gunung
ğŸšµâ€â™€ï¸,bersepeda gunung
ğŸ¤¸,orang cartwheeling
ğŸ¤¸â€â™‚ï¸,pria cartwheeling
ğŸ¤¸â€â™€ï¸,wanita cartwheeling
ğŸ¤¼,orang bergulat
ğŸ¤¼â€â™‚ï¸,pria bergulat
ğŸ¤¼â€â™€ï¸,Women Wrestling
ğŸ¤½,orang bermain air polo
ğŸ¤½â€â™‚ï¸,Pria bermain air polo
ğŸ¤½â€â™€ï¸,Wanita bermain air polo
ğŸ¤¾,orang bermain handball
ğŸ¤¾â€â™‚ï¸,Pria bermain handball
ğŸ¤¾â€â™€ï¸,Wanita bermain handball
ğŸ¤¹,orang juggling
ğŸ¤¹â€â™‚ï¸,pria juggling
ğŸ¤¹â€â™€ï¸,wanita juggling
ğŸ§˜,orang dalam posisi lotus
ğŸ§˜â€â™‚ï¸,Pria di posisi terata
ğŸ§˜â€â™€ï¸,Wanita di posisi teratai
ğŸ›€,mandi
ğŸ›Œ,tempat tidur
ğŸ§‘â€ğŸ¤â€ğŸ§‘,orang berpegangan tangan
ğŸ‘­,Wanita berpegangan tangan
ğŸ‘«,Wanita dan pria berpegangan tangan
ğŸ‘¬,pria berpegangan tangan
ğŸ’,ciuman
ğŸ‘©â€â¤ï¸â€ğŸ’‹â€ğŸ‘¨,ciuman wanita pria
ğŸ‘¨â€â¤ï¸â€ğŸ’‹â€ğŸ‘¨,cium pria pria
ğŸ‘©â€â¤ï¸â€ğŸ’‹â€ğŸ‘©,ciuman wanita wanita
ğŸ’‘,pasangan dengan hati
ğŸ‘©â€â¤ï¸â€ğŸ‘¨,Pasangan dengan wanita hati pria
ğŸ‘¨â€â¤ï¸â€ğŸ‘¨,Pasangan dengan pria hati pria
ğŸ‘©â€â¤ï¸â€ğŸ‘©,Pasangan dengan wanita hati wanita
ğŸ‘ª,keluarga
ğŸ‘¨â€ğŸ‘©â€ğŸ‘¦,Keluarga Pria Wanita Anak Laki -Laki
ğŸ‘¨â€ğŸ‘©â€ğŸ‘§,Gadis Wanita Pria Keluarga
ğŸ‘¨â€ğŸ‘©â€ğŸ‘§â€ğŸ‘¦,Keluarga Pria Wanita Anak Laki -Laki
ğŸ‘¨â€ğŸ‘©â€ğŸ‘¦â€ğŸ‘¦,Keluarga Pria Wanita Laki -Laki
ğŸ‘¨â€ğŸ‘©â€ğŸ‘§â€ğŸ‘§,Keluarga Pria Wanita Gadis
ğŸ‘¨â€ğŸ‘¨â€ğŸ‘¦,Keluarga pria laki -laki
ğŸ‘¨â€ğŸ‘¨â€ğŸ‘§,Gadis Pria Keluarga
ğŸ‘¨â€ğŸ‘¨â€ğŸ‘§â€ğŸ‘¦,Keluarga Pria Pria cowok
ğŸ‘¨â€ğŸ‘¨â€ğŸ‘¦â€ğŸ‘¦,Keluarga pria laki -laki laki -laki
ğŸ‘¨â€ğŸ‘¨â€ğŸ‘§â€ğŸ‘§,Keluarga Pria Pria Gadis
ğŸ‘©â€ğŸ‘©â€ğŸ‘¦,Keluarga Wanita Wanita
ğŸ‘©â€ğŸ‘©â€ğŸ‘§,Gadis Wanita Wanita Keluarga
ğŸ‘©â€ğŸ‘©â€ğŸ‘§â€ğŸ‘¦,Keluarga Wanita Wanita Anak Laki -Laki
ğŸ‘©â€ğŸ‘©â€ğŸ‘¦â€ğŸ‘¦,Wanita Keluarga Wanita Laki -Laki
ğŸ‘©â€ğŸ‘©â€ğŸ‘§â€ğŸ‘§,Keluarga Wanita Wanita Gadis
ğŸ‘¨â€ğŸ‘¦,anak laki -laki keluarga
ğŸ‘¨â€ğŸ‘¦â€ğŸ‘¦,Keluarga laki -laki laki -laki
ğŸ‘¨â€ğŸ‘§,Gadis pria keluarga
ğŸ‘¨â€ğŸ‘§â€ğŸ‘¦,Keluarga Pria Perempuan
ğŸ‘¨â€ğŸ‘§â€ğŸ‘§,Gadis Pria Keluarga
ğŸ‘©â€ğŸ‘¦,wanita keluarga
ğŸ‘©â€ğŸ‘¦â€ğŸ‘¦,Keluarga Wanita Laki -Laki
ğŸ‘©â€ğŸ‘§,Gadis wanita keluarga
ğŸ‘©â€ğŸ‘§â€ğŸ‘¦,anak perempuan perempuan perempuan
ğŸ‘©â€ğŸ‘§â€ğŸ‘§,Gadis Wanita Keluarga
ğŸ—£,bayangan hitam
ğŸ‘¤,bayangan hitam
ğŸ‘¥,bayangan hitam
ğŸ«‚,bayangan hitam
ğŸ‘£,jejak kaki
ğŸ¦°,rambut merah
ğŸ¦±,rambut keriting
ğŸ¦³,rambut putih
ğŸ¦²,botak
ğŸµ,monyet
ğŸ’,monyet
ğŸ¦,gorila
ğŸ¦§,Orangutan
ğŸ¶,anjing
ğŸ•,anjing
ğŸ¦®,anjing pemandu
ğŸ•â€ğŸ¦º,Anjing Layanan
ğŸ©,pudel
ğŸº,serigala
ğŸ¦Š,rubah
ğŸ¦,rakun
ğŸ±,kucing
ğŸˆ,kucing
ğŸˆâ€â¬›,kucing hitam
ğŸ¦,singa
ğŸ¯,harimau
ğŸ…,harimau
ğŸ†,macan tutul
ğŸ´,wajah kuda
ğŸ,kuda
ğŸ¦„,unicorn
ğŸ¦“,zebra
ğŸ¦Œ,rusa
ğŸ¦¬,banteng
ğŸ®,sapi
ğŸ‚,sapi
ğŸƒ,kerbau air
ğŸ„,sapi
ğŸ·,babi
ğŸ–,babi
ğŸ—,babi hutan
ğŸ½,hidung babi
ğŸ,Ram
ğŸ‘,Ewe
ğŸ,kambing
ğŸª,unta
ğŸ«,dua unta punuk
ğŸ¦™,llama
ğŸ¦’,jerapah
ğŸ˜,gajah
ğŸ¦£,mammoth
ğŸ¦,badak
ğŸ¦›,kuda nil
ğŸ­,mouse
ğŸ,mouse
ğŸ€,tikus
ğŸ¹,hamster
ğŸ°,wajah kelinci
ğŸ‡,kelinci
ğŸ¿,Chipmunk
ğŸ¦«,berang -berang
ğŸ¦”,landak
ğŸ¦‡,kelelawar
ğŸ»,beruang
ğŸ»â€â„ï¸,beruang kutub
ğŸ¨,koala
ğŸ¼,panda
ğŸ¦¥,kemalasan
ğŸ¦¦,berang-berang
ğŸ¦¨,sigung
ğŸ¦˜,kanguru
ğŸ¦¡,luak
ğŸ¾,Cetakan kaki
ğŸ¦ƒ,Turki
ğŸ”,ayam
ğŸ“,ayam jantan
ğŸ£,cewek menetas
ğŸ¤,anak ayam
ğŸ¥,anak ayam
ğŸ¦,burung
ğŸ§,pinguin
ğŸ•Š,merpati
ğŸ¦…,burung rajawali
ğŸ¦†,bebek
ğŸ¦¢,angsa
ğŸ¦‰,burung hantu
ğŸ¦¤,dodo
ğŸª¶,bulu
ğŸ¦©,flamingo
ğŸ¦š,merak
ğŸ¦œ,burung beo
ğŸ¸,katak
ğŸŠ,buaya
ğŸ¢,penyu
ğŸ¦,kadal
ğŸ,ular
ğŸ²,naga
ğŸ‰,naga
ğŸ¦•,Sauropod
ğŸ¦–,Trex
ğŸ³,Paus Paus
ğŸ‹,paus
ğŸ¬,Lumba -lumba
ğŸ¦­,segel
ğŸŸ,ikan
ğŸ ,ikan tropis
ğŸ¡,blowfish
ğŸ¦ˆ,hiu
ğŸ™,gurita
ğŸš,shell spiral
ğŸŒ,siput
ğŸ¦‹,kupu -kupu
ğŸ›,serangga
ğŸœ,semut
ğŸ,lebah madu
ğŸª²,kumbang
ğŸ,Lady Beetle
ğŸ¦—,jangkrik
ğŸª³,kecoak
ğŸ•·,laba -laba
ğŸ•¸,jaring laba-laba
ğŸ¦‚,kalajengking
ğŸ¦Ÿ,serangga
ğŸª°,serangga
ğŸª±,serangga
ğŸ¦ ,mikroba
ğŸ’,buket
ğŸŒ¸,bunga sakura
ğŸ’®,bunga putih
ğŸµ,hiasan berbentuk mawar
ğŸŒ¹,mawar
ğŸ¥€,bunga layu
ğŸŒº,kembang sepatu
ğŸŒ»,bunga matahari
ğŸŒ¼,mekar
ğŸŒ·,bunga tulp
ğŸŒ±,bibit
ğŸª´,tanaman di dalam pot
ğŸŒ²,pohon cemara
ğŸŒ³,Pohon gugur
ğŸŒ´,pohon palem
ğŸŒµ,kaktus
ğŸŒ¾,Tumpukan nasi
ğŸŒ¿,herba
â˜˜,Shamrock
ğŸ€,Empat semanggi daun
ğŸ,daun maple
ğŸ‚,Daun jatuh
ğŸƒ,Daun berkibar angin
ğŸ‡,anggur
ğŸˆ,melon
ğŸ‰,semangka
ğŸŠ,jeruk keprok
ğŸ‹,lemon
ğŸŒ,pisang
ğŸ,nanas
ğŸ¥­,buah mangga
ğŸ,apel merah
ğŸ,apel hijau
ğŸ,pir
ğŸ‘,persik
ğŸ’,ceri
ğŸ“,stroberi
ğŸ«,bluberi
ğŸ¥,Buah kiwi
ğŸ…,tomat
ğŸ«’,Zaitun
ğŸ¥¥,kelapa
ğŸ¥‘,alpukat
ğŸ†,terong
ğŸ¥”,kentang
ğŸ¥•,wortel
ğŸŒ½,Telinga jagung
ğŸŒ¶,merica
ğŸ«‘,paprika
ğŸ¥’,timun
ğŸ¥¬,hijau daun
ğŸ¥¦,Brokoli
ğŸ§„,bawang putih
ğŸ§…,bawang bombai
ğŸ„,jamur
ğŸ¥œ,kacang kacangan
ğŸŒ°,kastanye
ğŸ,roti
ğŸ¥,croissant
ğŸ¥–,roti baguette
ğŸ«“,roti biasa
ğŸ¥¨,pretzel
ğŸ¥¯,Bagel
ğŸ¥,pancake
ğŸ§‡,omongan
ğŸ§€,Wedge Keju
ğŸ–,daging di tulang
ğŸ—,kaki unggas
ğŸ¥©,potongan daging
ğŸ¥“,daging babi asap
ğŸ”,roti isi daging
ğŸŸ,kentang goreng
ğŸ•,Pizza
ğŸŒ­,Hot Dog
ğŸ¥ª,sandwich
ğŸŒ®,taco
ğŸŒ¯,burrito
ğŸ«”,tamale
ğŸ¥™,boneka flatbread
ğŸ§†,Bola goreng terbuat dari buncis
ğŸ¥š,telur
ğŸ³,memasak
ğŸ¥˜,panci makanan yang dangkal
ğŸ²,pot makanan
ğŸ«•,fondue
ğŸ¥£,mangkuk dengan sendok
ğŸ¥—,salad hijau
ğŸ¿,jagung meletus
ğŸ§ˆ,mentega
ğŸ§‚,garam
ğŸ¥«,makanan kaleng
ğŸ±,kotak bento
ğŸ˜,kerupuk nasi
ğŸ™,bola nasi
ğŸš,Nasi
ğŸ›,nasi kari
ğŸœ,Mangkuk mengukus
ğŸ,spageti
ğŸ ,Ubi jalar panggang
ğŸ¢,oden
ğŸ£,Sushi
ğŸ¤,udang goreng
ğŸ¥,Kue Ikan dengan Putar
ğŸ¥®,kue bulan
ğŸ¡,dango
ğŸ¥Ÿ,pangsit
ğŸ¥ ,kue keberuntungan
ğŸ¥¡,kotak takeout
ğŸ¦€,Kepiting
ğŸ¦,lobster
ğŸ¦,udang
ğŸ¦‘,cumi-cumi
ğŸ¦ª,tiram
ğŸ¦,es krim lembut
ğŸ§,es serut
ğŸ¨,es krim
ğŸ©,donat
ğŸª,Kue kering
ğŸ‚,kue ulang tahun
ğŸ°,kue pendek
ğŸ§,cupcake
ğŸ¥§,pai
ğŸ«,Bar Cokelat
ğŸ¬,Permen
ğŸ­,Lollipop
ğŸ®,Custard
ğŸ¯,wadah madu
ğŸ¼,botol bayi
ğŸ¥›,gelas susu
â˜•,minuman panas
ğŸ«–,teko
ğŸµ,Teh tanpa pegangan
ğŸ¶,demi
ğŸ¾,botol dengan gabus luncur
ğŸ·,gelas anggur
ğŸ¸,Kaca koktail
ğŸ¹,minuman tropis
ğŸº,mug bir
ğŸ»,Mug bir berdengking
ğŸ¥‚,kacamata berdengking
ğŸ¥ƒ,gelas tumbler
ğŸ¥¤,cangkir dengan jerami
ğŸ§‹,teh gelembung
ğŸ§ƒ,kotak minuman
ğŸ§‰,pasangan
ğŸ§Š,Es
ğŸ¥¢,sumpit
ğŸ½,garpu dan pisau dengan piring
ğŸ´,garpu dan pisau
ğŸ¥„,sendok
ğŸ”ª,pisau dapur
ğŸº,bejana Yunani
ğŸŒ,Globe
ğŸŒ,Globe
ğŸŒ,Globe
ğŸŒ,Globe
ğŸ—º,peta Dunia
ğŸ—¾,Peta Jepang
ğŸ§­,kompas
ğŸ”,gunung tertutup salju
â›°,gunung
ğŸŒ‹,gunung berapi
ğŸ—»,Gunung Fuji
ğŸ•,berkemah
ğŸ–,Pantai dengan payung
ğŸœ,gurun
ğŸ,Pulau terpencil
ğŸ,Taman Nasional
ğŸŸ,stadion
ğŸ›,bangunan klasik
ğŸ—,konstruksi bangunan
ğŸ§±,bata
ğŸª¨,batu
ğŸªµ,kayu
ğŸ›–,pondok
ğŸ˜,rumah
ğŸš,rumah terlantar
ğŸ ,rumah
ğŸ¡,rumah dengan taman
ğŸ¢,gedung kantor
ğŸ£,Kantor Pos Jepang
ğŸ¤,kantor Pos
ğŸ¥,RSUD
ğŸ¦,bank
ğŸ¨,hotel
ğŸ©,Hotel cinta
ğŸª,toko serba-ada
ğŸ«,sekolah
ğŸ¬,toko serba ada
ğŸ­,pabrik
ğŸ¯,Kastil Jepang
ğŸ°,Kastil
ğŸ’’,pernikahan
ğŸ—¼,menara Tokyo
ğŸ—½,patung Liberty
â›ª,gereja
ğŸ•Œ,masjid
ğŸ›•,Kuil Hindu
ğŸ•,sinagoga
â›©,Kuil Shinto
ğŸ•‹,Kaaba
â›²,air mancur
â›º,tenda
ğŸŒ,berkabut
ğŸŒƒ,Malam dengan bintang
ğŸ™,CityScape
ğŸŒ„,matahari terbit di atas gunung
ğŸŒ…,matahari terbit
ğŸŒ†,Cityscape saat senja
ğŸŒ‡,matahari terbenam
ğŸŒ‰,Jembatan di malam hari
â™¨,air panas
ğŸ ,Kuda korsel
ğŸ¡,kincir ria
ğŸ¢,roller coaster
ğŸ’ˆ,tiang tukang cukur
ğŸª,tenda sirkus
ğŸš‚,lokomotif
ğŸšƒ,mobil kereta api
ğŸš„,kereta kecepatan tinggi
ğŸš…,kereta peluru
ğŸš†,kereta
ğŸš‡,metro
ğŸšˆ,Rel ringan
ğŸš‰,stasiun
ğŸšŠ,trem
ğŸš,Monorail
ğŸš,Kereta Api Gunung
ğŸš‹,mobil trem
ğŸšŒ,bis
ğŸš,Bus yang akan datang
ğŸš,bis listrik
ğŸš,minibus
ğŸš‘,ambulans
ğŸš’,mesin pemadam kebakaran
ğŸš“,mobil polisi
ğŸš”,Mobil polisi yang mendekat
ğŸš•,taksi
ğŸš–,Taksi yang datang
ğŸš—,mobil
ğŸš˜,Automobile yang datang
ğŸš™,Kendaraan Utilitas Olahraga
ğŸ›»,truk pickup
ğŸšš,truk pengiriman
ğŸš›,truk yang diartikulasikan
ğŸšœ,traktor
ğŸ,balap mobil
ğŸ,sepeda motor
ğŸ›µ,skuter motor
ğŸ¦½,kursi roda manual
ğŸ¦¼,kursi roda bermotor
ğŸ›º,Auto Rickshaw
ğŸš²,sepeda
ğŸ›´,Kick Scooter
ğŸ›¹,skateboard
ğŸ›¼,sepatu roda
ğŸš,pemberhentian bus
ğŸ›£,jalan tol
ğŸ›¤,rel kereta
ğŸ›¢,Drum minyak
â›½,pompa bahan bakar
ğŸš¨,lampu mobil polisi
ğŸš¥,lampu lalu lintas horizontal
ğŸš¦,lampu lalu lintas vertikal
ğŸ›‘,tanda berhenti
ğŸš§,konstruksi
âš“,jangkar
â›µ,perahu layar
ğŸ›¶,kano
ğŸš¤,Speedboat
ğŸ›³,kapal penumpang
â›´,feri
ğŸ›¥,perahu motor
ğŸš¢,mengirimkan
âœˆ,pesawat terbang
ğŸ›©,pesawat kecil
ğŸ›«,keberangkatan pesawat
ğŸ›¬,Kedatangan pesawat
ğŸª‚,parasut
ğŸ’º,kursi
ğŸš,helikopter
ğŸšŸ,Kereta Api Suspensi
ğŸš ,Cableway Mountain
ğŸš¡,Aerial Tramway
ğŸ›°,satelit
ğŸš€,roket
ğŸ›¸,Piring Terbang
ğŸ›,Bellhop Bell
ğŸ§³,bagasi
âŒ›,jam pasir selesai
â³,jam pasir tidak selesai
âŒš,jam tangan
â°,jam alarm
â±,stopwatch
â²,jam pengatur waktu
ğŸ•°,Jam Mantelpiece
ğŸ•›,jam dua belas
ğŸ•§,dua belas tiga puluh
ğŸ•,jam satu
ğŸ•œ,satu tiga puluh
ğŸ•‘,jam dua
ğŸ•,dua tiga puluh
ğŸ•’,jam tiga
ğŸ•,tiga tiga puluh
ğŸ•“,Jam empat
ğŸ•Ÿ,Empat Tiga Puluh
ğŸ•”,jam lima
ğŸ• ,lima tiga puluh
ğŸ••,jam enam
ğŸ•¡,enam tiga puluh
ğŸ•–,jam tujuh
ğŸ•¢,tujuh tigapuluh
ğŸ•—,jam delapan
ğŸ•£,Delapan Tiga Puluh
ğŸ•˜,jam sembilan
ğŸ•¤,sembilan tiga puluh
ğŸ•™,jam sepuluh
ğŸ•¥,sepuluh tiga puluh
ğŸ•š,jam sebelas tepat
ğŸ•¦,sebelas tiga puluh
ğŸŒ‘,bulan baru
ğŸŒ’,Moon bulan sabit waxing
ğŸŒ“,Bulan kuartal pertama
ğŸŒ”,Moon Gibbous Waxing
ğŸŒ•,bulan purnama
ğŸŒ–,Bulan yang berkurang
ğŸŒ—,Bulan kuartal terakhir
ğŸŒ˜,Bulan sabit yang berkurang
ğŸŒ™,bulan Sabit
ğŸŒš,wajah bulan baru
ğŸŒ›,Wajah Bulan Kuartal Pertama
ğŸŒœ,Wajah Bulan Kuartal Terakhir
ğŸŒ¡,termometer
â˜€,matahari
ğŸŒ,wajah bulan purnama
ğŸŒ,matahari dengan wajah
ğŸª,Planet Dering
â­,bintang
ğŸŒŸ,bintang bersinar
ğŸŒ ,bintang jatuh
ğŸŒŒ,Bima Sakti
â˜,awan
â›…,matahari di belakang awan
â›ˆ,Awan dengan kilat dan hujan
ğŸŒ¤,matahari di belakang awan kecil
ğŸŒ¥,matahari di belakang awan besar
ğŸŒ¦,Matahari di balik awan hujan
ğŸŒ§,awan dengan hujan
ğŸŒ¨,awan dengan salju
ğŸŒ©,Cloud dengan kilat
ğŸŒª,angin topan
ğŸŒ«,kabut
ğŸŒ¬,wajah angin
ğŸŒ€,topan
ğŸŒˆ,Pelangi
ğŸŒ‚,payung tertutup
â˜‚,payung
â˜”,payung dengan tetesan hujan
â›±,Payung di darat
âš¡,tegangan tinggi
â„,kepingan salju
â˜ƒ,manusia salju
â›„,manusia salju tanpa salju
â˜„,komet
ğŸ”¥,api
ğŸ’§,tetesan kecil
ğŸŒŠ,gelombang air
ğŸƒ,Jack O Lantern
ğŸ„,pohon Natal
ğŸ†,kembang api
ğŸ‡,Sparkler
ğŸ§¨,petasan
âœ¨,berkilau
ğŸˆ,balon
ğŸ‰,Partai Popper
ğŸŠ,bola confetti
ğŸ‹,Pohon Tanabata
ğŸ,dekorasi pinus
ğŸ,Boneka Jepang
ğŸ,Streamer ikan mas
ğŸ,suara angin
ğŸ‘,Upacara menonton bulan
ğŸ§§,amplop merah
ğŸ€,pita
ğŸ,Hadiah yang dibungkus
ğŸ—,Pita Pengingat
ğŸŸ,tiket masuk
ğŸ«,tiket
ğŸ–,medali militer
ğŸ†,trofi
ğŸ…,medali olahraga
ğŸ¥‡,Medali Tempat Pertama
ğŸ¥ˆ,Medali tempat ke -2
ğŸ¥‰,Medali tempat ke -3
âš½,sepak bola
âš¾,baseball
ğŸ¥,Softball
ğŸ€,bola basket
ğŸ,bola voli
ğŸˆ,sepak bola Amerika
ğŸ‰,sepak bola rugby
ğŸ¾,tenis
ğŸ¥,Disc Terbang
ğŸ³,bowling
ğŸ,Game kriket
ğŸ‘,hoki lapangan
ğŸ’,hoki es
ğŸ¥,lacrosse
ğŸ“,pingpong
ğŸ¸,bulu tangkis
ğŸ¥Š,sarung tinju
ğŸ¥‹,seragam seni bela diri
ğŸ¥…,jaring sasaran
â›³,bendera dalam lubang
â›¸,seluncur es
ğŸ£,tiang pancing
ğŸ¤¿,Topeng menyelam
ğŸ½,Kemeja lari
ğŸ¿,ski
ğŸ›·,kereta luncur
ğŸ¥Œ,batu keriting
ğŸ¯,tepat sasaran
ğŸª€,yo yo
ğŸª,layang-layang
ğŸ±,Pool 8 Ball
ğŸ”®,bola kristal
ğŸª„,tongkat sihir
ğŸ§¿,Amulet Nazar
ğŸ®,video game
ğŸ•¹,Joystick
ğŸ°,mesin judi
ğŸ²,dadu
ğŸ§©,potongan puzzle
ğŸ§¸,beruang teddy
ğŸª…,PiÃ±ata
ğŸª†,Boneka bersarang
â™ ,setelan sekop
â™¥,setelan jantung
â™¦,setelan berlian
â™£,setelan klub
â™Ÿ,Pion Catur
ğŸƒ,pelawak
ğŸ€„,Mahjong Red Dragon
ğŸ´,kartu bermain bunga
ğŸ­,pentas seni
ğŸ–¼,gambar berbingkai
ğŸ¨,Palet Artis
ğŸ§µ,benang
ğŸª¡,jarum jahit
ğŸ§¶,benang
ğŸª¢,simpul
ğŸ‘“,kacamata
ğŸ•¶,kacamata hitam
ğŸ¥½,kacamata
ğŸ¥¼,Jas laboratorium
ğŸ¦º,rompi pengaman
ğŸ‘”,dasi
ğŸ‘•,t shirt
ğŸ‘–,jeans
ğŸ§£,syal
ğŸ§¤,sarung tangan
ğŸ§¥,mantel
ğŸ§¦,kaus kaki
ğŸ‘—,gaun
ğŸ‘˜,kimono
ğŸ¥»,sari
ğŸ©±,Baju renang One Piece
ğŸ©²,brief
ğŸ©³,celana pendek
ğŸ‘™,bikini
ğŸ‘š,baju Wanita
ğŸ‘›,tas kecil
ğŸ‘œ,tas tangan
ğŸ‘,dompet tangan
ğŸ›,tas belanja
ğŸ’,ransel
ğŸ©´,Sandal Thong
ğŸ‘,Sepatu Mans
ğŸ‘Ÿ,sepatu lari
ğŸ¥¾,Boot hiking
ğŸ¥¿,sepatu datar
ğŸ‘ ,sepatu bertumit tinggi
ğŸ‘¡,sandal wanita
ğŸ©°,sepatu balet
ğŸ‘¢,Boot Wanita
ğŸ‘‘,mahkota
ğŸ‘’,topi wanita
ğŸ©,pucuk topi
ğŸ“,topi kelulusan
ğŸ§¢,topi tagihan
ğŸª–,helm militer
â›‘,Helm Pekerja Penyelamatan
ğŸ“¿,tasbih
ğŸ’„,lipstik
ğŸ’,cincin
ğŸ’,Batu Permata
ğŸ”‡,pembicara yang diredam
ğŸ”ˆ,Speaker Volume Rendah
ğŸ”‰,Volume Medium Speaker
ğŸ”Š,speaker volume tinggi
ğŸ“¢,pengeras suara
ğŸ“£,megafon
ğŸ“¯,tanduk pos
ğŸ””,lonceng
ğŸ”•,bel with slash
ğŸ¼,Skor musik
ğŸµ,not musik
ğŸ¶,not balok
ğŸ™,Mikrofon Studio
ğŸš,Slider level
ğŸ›,Kenop kontrol
ğŸ¤,mikropon
ğŸ§,headphone
ğŸ“»,radio
ğŸ·,saksofon
ğŸª—,akordeon
ğŸ¸,gitar
ğŸ¹,keyboard musik
ğŸº,terompet
ğŸ»,biola
ğŸª•,banjo
ğŸ¥,drum
ğŸª˜,drum panjang
ğŸ“±,telepon genggam
ğŸ“²,ponsel dengan panah
â˜,telepon
ğŸ“,penerima telepon
ğŸ“Ÿ,pager
ğŸ“ ,mesin fax
ğŸ”‹,baterai
ğŸ”Œ,steker listrik
ğŸ’»,laptop
ğŸ–¥,komputer desktop
ğŸ–¨,pencetak
âŒ¨,papan ketik
ğŸ–±,mouse komputer
ğŸ–²,Trackball
ğŸ’½,disk komputer
ğŸ’¾,disket
ğŸ’¿,cakram optik
ğŸ“€,DVD
ğŸ§®,Abacus
ğŸ¥,Kamera film
ğŸ,bingkai film
ğŸ“½,proyektor film
ğŸ¬,Papan Clapper
ğŸ“º,televisi
ğŸ“·,kamera
ğŸ“¸,kamera dengan flash
ğŸ“¹,kamera video
ğŸ“¼,kaset video
ğŸ”,kaca pembesar miring ke kiri
ğŸ”,kaca pembesar miring ke kanan
ğŸ•¯,lilin
ğŸ’¡,bolam
ğŸ”¦,senter
ğŸ®,Lentera kertas merah
ğŸª”,Lampu Diya
ğŸ“”,Notebook dengan penutup dekoratif
ğŸ“•,buku tertutup
ğŸ“–,Buka buku
ğŸ“—,Buku Hijau
ğŸ“˜,buku Biru
ğŸ“™,buku oranye
ğŸ“š,buku
ğŸ““,buku catatan
ğŸ“’,buku besar
ğŸ“ƒ,halaman dengan ikal
ğŸ“œ,menggulir
ğŸ“„,halaman menghadap ke atas
ğŸ“°,koran
ğŸ—,Koran yang digulung
ğŸ“‘,Tab Bookmark
ğŸ”–,penanda buku
ğŸ·,label
ğŸ’°,tas uang
ğŸª™,koin
ğŸ’´,uang kertas yen
ğŸ’µ,uang kertas dolar
ğŸ’¶,uang kertas euro
ğŸ’·,Pound uang kertas
ğŸ’¸,Uang dengan sayap
ğŸ’³,kartu kredit
ğŸ§¾,kuitansi
ğŸ’¹,Bagan meningkat dengan yen
âœ‰,amplop
ğŸ“§,surel
ğŸ“¨,amplop yang masuk
ğŸ“©,amplop dengan panah
ğŸ“¤,Baki Kotak Keluar
ğŸ“¥,Baki Kotak Masuk
ğŸ“¦,kemasan
ğŸ“«,kotak surat tertutup dengan bendera terangkat
ğŸ“ª,kotak surat tertutup dengan bendera yang diturunkan
ğŸ“¬,Buka kotak surat dengan bendera terangkat
ğŸ“­,Buka kotak surat dengan bendera yang diturunkan
ğŸ“®,kotak pos
ğŸ—³,kotak suara dengan suara
âœ,pensil
âœ’,nib hitam
ğŸ–‹,pulpen
ğŸ–Š,pena
ğŸ–Œ,kuas
ğŸ–,krayon
ğŸ“,memo
ğŸ’¼,tas kantor
ğŸ“,folder file
ğŸ“‚,Buka Folder File
ğŸ—‚,Pembagi Indeks Kartu
ğŸ“…,kalender
ğŸ“†,merobek kalender
ğŸ—’,Notepad spiral
ğŸ—“,Kalender Spiral
ğŸ“‡,Indeks kartu
ğŸ“ˆ,peningkatan bagan
ğŸ“‰,Bagan menurun
ğŸ“Š,grafik batang
ğŸ“‹,CLIPBOARD
ğŸ“Œ,dorong
ğŸ“,Pushpin bulat
ğŸ“,klip kertas
ğŸ–‡,Clip kertas tertaut
ğŸ“,penguasa lurus
ğŸ“,penguasa segitiga
âœ‚,gunting
ğŸ—ƒ,kotak file kartu
ğŸ—„,lemari arsip
ğŸ—‘,keranjang sampah
ğŸ”’,terkunci
ğŸ”“,tidak terkunci
ğŸ”,terkunci dengan pena
ğŸ”,terkunci dengan kunci
ğŸ”‘,kunci
ğŸ—,Kunci lama
ğŸ”¨,Palu
ğŸª“,kapak
â›,memilih
âš’,palu dan pilih
ğŸ› ,Hammer dan kunci pas
ğŸ—¡,belati
âš”,Pedang melintasi
ğŸ”«,pistol air
ğŸªƒ,bumerang
ğŸ¹,busur dan panah
ğŸ›¡,tameng
ğŸªš,pertukangan pertukangan gergaji
ğŸ”§,kunci
ğŸª›,Obeng
ğŸ”©,mur baut
âš™,gigi
ğŸ—œ,penjepit
âš–,skala keseimbangan
ğŸ¦¯,tongkat putih
ğŸ”—,tautan
â›“,rantai
ğŸª,kait
ğŸ§°,kotak alat
ğŸ§²,magnet
ğŸªœ,tangga
âš—,Alembic
ğŸ§ª,tabung reaksi
ğŸ§«,cawan petri
ğŸ§¬,DNA
ğŸ”¬,mikroskop
ğŸ”­,teleskop
ğŸ“¡,Antena satelit
ğŸ’‰,Jarum suntik
ğŸ©¸,tetesan darah
ğŸ’Š,pil
ğŸ©¹,plester
ğŸ©º,stetoskop
ğŸšª,pintu
ğŸ›—,tangga berjalan
ğŸª,cermin
ğŸªŸ,jendela
ğŸ›,tempat tidur
ğŸ›‹,sofa dan lampu
ğŸª‘,kursi
ğŸš½,toilet
ğŸª ,penyelam
ğŸš¿,mandi
ğŸ›,bak mandi
ğŸª¤,perangkap tikus
ğŸª’,pisau cukur
ğŸ§´,botol lotion
ğŸ§·,pin pengaman
ğŸ§¹,sapu
ğŸ§º,keranjang
ğŸ§»,gulungan kertas
ğŸª£,keranjang
ğŸ§¼,sabun mandi
ğŸª¥,sikat gigi
ğŸ§½,spons
ğŸ§¯,ALAT PEMADAM API
ğŸ›’,kereta Belanja
ğŸš¬,rokok
âš°,peti mati
ğŸª¦,nisan
âš±,guci pemakaman
ğŸ—¿,Moai
ğŸª§,plakat
ğŸ§,Tanda ATM
ğŸš®,sampah di tanda sampah
ğŸš°,air minum
â™¿,Simbol kursi roda
ğŸš¹,ruangan Pria
ğŸšº,kamar wanita
ğŸš»,kamar kecil
ğŸš¼,Simbol bayi
ğŸš¾,lemari air
ğŸ›‚,pemeriksaan paspor
ğŸ›ƒ,bea cukai
ğŸ›„,pengambilan bagasi
ğŸ›…,koper meninggalkan
âš ,peringatan
ğŸš¸,anak -anak melintasi
â›”,dilarang masuk
ğŸš«,dilarang
ğŸš³,Tidak ada sepeda
ğŸš­,DILARANG MEROKOK
ğŸš¯,dilarang membuang sampah sembarangan
ğŸš±,air yang tidak dapat diminum
ğŸš·,tidak ada pejalan kaki
ğŸ“µ,Tidak ada ponsel
ğŸ”,tidak ada di bawah delapan belas tahun
â˜¢,radioaktif
â˜£,Biohazard
â¬†,Panah atas
â†—,Panah kanan
â¡,panah kanan
â†˜,panah kanan bawah
â¬‡,panah bawah
â†™,panah kiri bawah
â¬…,panah kiri
â†–,Panah kiri atas
â†•,Naik panah
â†”,panah kanan kiri
â†©,panah kanan melengkung kiri
â†ª,panah kiri melengkung kanan
â¤´,Panah kanan melengkung
â¤µ,Panah kanan melengkung
ğŸ”ƒ,panah vertikal searah jarum jam
ğŸ”„,Tombol Panah Searah Jalan Tutup
ğŸ”™,Back Arrow
ğŸ”š,Panah akhir
ğŸ”›,di panah
ğŸ”œ,Segera panah
ğŸ”,panah atas
ğŸ›,tempat beribadah
âš›,simbol atom
ğŸ•‰,om
âœ¡,Bintang David
â˜¸,Roda Dharma
â˜¯,Yin Yang
âœ,Salib Latin
â˜¦,salib ortodoks
â˜ª,bintang dan bulan sabit
â˜®,simbol perdamaian
ğŸ•,Menorah
ğŸ”¯,bintang enam bertitik
â™ˆ,Aries
â™‰,Taurus
â™Š,Gemini
â™‹,kanker
â™Œ,Leo
â™,Virgo
â™,Libra
â™,Scorpio
â™,Sagittarius
â™‘,Capricornus
â™’,Aquarius
â™“,Pisces
â›,Ophiuchus
ğŸ”€,Tombol Trek Shuffle
ğŸ”,tombol berulang
ğŸ”‚,Ulangi satu tombol
â–¶,Tombol Putar
â©,tombol maju cepat
â­,tombol trek berikutnya
â¯,Tombol Putar atau Jeda
â—€,tombol terbalik
âª,tombol terbalik cepat
â®,tombol trek terakhir
ğŸ”¼,tombol ke atas
â«,tombol cepat
ğŸ”½,tombol ke bawah
â¬,tombol cepat ke bawah
â¸,tombol jeda
â¹,Tombol berhenti
âº,Tombol Rekam
â,tombol eject
ğŸ¦,bioskop
ğŸ”…,tombol redup
ğŸ”†,Tombol Cerah
ğŸ“¶,Bar Antena
ğŸ“³,mode getaran
ğŸ“´,Ponsel off
â™€,tanda wanita
â™‚,tanda pria
âš§,simbol transgender
âœ–,berkembang biak
â•,plus
â–,minus
â—,membagi
â™¾,ketakterbatasan
â€¼,tanda seru ganda
â‰,tanda tanya seru
â“,tanda tanya merah
â”,tanda tanya putih
â•,tanda seru putih
â—,tanda seru merah
ã€°,DASH bergelombang
ğŸ’±,penukaran mata uang
ğŸ’²,tanda dolar berat
âš•,simbol medis
â™»,Simbol daur ulang
âšœ,Fleur de Lis
ğŸ”±,Trident Emblem
ğŸ“›,Lencana Nama
ğŸ”°,Simbol Jepang untuk Pemula
â­•,Lingkaran Merah Berongga
âœ…,Periksa tombol tanda
â˜‘,kotak centang dengan cek
âœ”,Tanda cek
âŒ,tanda silang
â,Tombol Cross Mark
â°,Loop keriting
â¿,loop keriting ganda
ã€½,Bagian pergantian bagian
âœ³,Delapan tanda asterisk yang tersumbat
âœ´,Delapan bintang runcing
â‡,berkilau
Â©,hak cipta
Â®,terdaftar
â„¢,tanda dagang
#ï¸âƒ£,hash keycap
*ï¸âƒ£,Tanda Tanda Keycap
0ï¸âƒ£,Keycap 0
1ï¸âƒ£,Keycap 1
2ï¸âƒ£,Keycap 2
3ï¸âƒ£,Keycap 3
4ï¸âƒ£,Keycap 4
5ï¸âƒ£,Keycap 5
6ï¸âƒ£,Keycap 6
7ï¸âƒ£,Keycap 7
8ï¸âƒ£,Keycap 8
9ï¸âƒ£,Keycap 9
ğŸ”Ÿ,Keycap 10
ğŸ” ,Input huruf Latin
ğŸ”¡,Masukkan huruf kecil Latin
ğŸ”¢,nomor masukan
ğŸ”£,Simbol input
ğŸ”¤,Masukkan huruf Latin
ğŸ…°,Jenis darah tombol
ğŸ†,Tipe Darah Tombol AB
ğŸ…±,b kancing golongan darah
ğŸ†‘,Tombol CL
ğŸ†’,tombol keren
ğŸ†“,tombol gratis
i,informasi
ğŸ†”,Tombol ID
m,dilingkari m
ğŸ†•,tombol baru
ğŸ†–,tombol ng
ğŸ…¾,o Jenis darah tombol
ğŸ†—,OK Tombol
ğŸ…¿,tombol P.
ğŸ†˜,tombol SOS
ğŸ†™,tombol atas
ğŸ†š,vs tombol
ğŸˆ,Tombol Jepang di sini
ğŸˆ‚,Tombol Biaya Layanan Jepang
ğŸˆ·,Tombol Jumlah Bulanan Jepang
ğŸˆ¶,Jepang tidak gratis tombol
ğŸˆ¯,Tombol Cadangan Jepang
ğŸ‰,Tombol Tawar -menawar Jepang
ğŸˆ¹,Tombol diskon Jepang
ğŸˆš,Tombol Gratis Jepang
ğŸˆ²,Tombol Jepang dilarang
ğŸ‰‘,tombol Jepang yang dapat diterima
ğŸˆ¸,Tombol Aplikasi Jepang
ğŸˆ´,Tombol Nilai Passing Jepang
ğŸˆ³,Tombol Lowongan Jepang
ãŠ—,Tombol ucapan selamat Jepang
ãŠ™,Tombol Rahasia Jepang
ğŸˆº,Tombol Buka Jepang untuk Bisnis
ğŸˆµ,Tombol Lowongan Jepang Tidak
ğŸ”´,lingkaran merah
ğŸŸ ,lingkaran oranye
ğŸŸ¡,Lingkaran Kuning
ğŸŸ¢,Lingkaran Hijau
ğŸ”µ,Lingkaran Biru
ğŸŸ£,Lingkaran Ungu
ğŸŸ¤,lingkaran coklat
âš«,Lingkaran Hitam
âšª,Lingkaran Putih
ğŸŸ¥,kotak merah
ğŸŸ§,kuadrat oranye
ğŸŸ¨,kotak kuning
ğŸŸ©,Green Square
ğŸŸ¦,persegi biru
ğŸŸª,persegi ungu
ğŸŸ«,persegi coklat
â¬›,persegi besar hitam
â¬œ,persegi besar putih
â—¼,Black Medium Square
â—»,putih medium square
â—¾,Black Medium Small Square
â—½,putih medium kecil persegi kecil
â–ª,persegi kecil hitam
â–«,kotak kecil putih
ğŸ”¶,berlian oranye besar
ğŸ”·,berlian biru besar
ğŸ”¸,berlian oranye kecil
ğŸ”¹,berlian biru kecil
ğŸ”º,Segitiga Merah menunjuk
ğŸ”»,segitiga merah menunjuk ke bawah
ğŸ’ ,berlian dengan titik
ğŸ”˜,tombol radio
ğŸ”³,tombol putih persegi
ğŸ”²,tombol persegi hitam
ğŸ,bendera kotak -kotak
ğŸš©,Bendera segitiga
ğŸŒ,bendera silang
ğŸ´,bendera hitam
ğŸ³,bendera putih
ğŸ³ï¸â€ğŸŒˆ,Bendera pelangi
ğŸ³ï¸â€âš§ï¸,bendera transgender
ğŸ´â€â˜ ï¸,bendera bajak laut
ğŸ‡¦ğŸ‡¨,Pulau Kenaikan
ğŸ‡¦ğŸ‡©,Andorra
ğŸ‡¦ğŸ‡ª,Uni Emirat Arab
ğŸ‡¦ğŸ‡«,Afganistan
ğŸ‡¦ğŸ‡¬,Antigua Barbuda
ğŸ‡¦ğŸ‡®,Anguilla
ğŸ‡¦ğŸ‡±,Albania
ğŸ‡¦ğŸ‡²,Armenia
ğŸ‡¦ğŸ‡´,Angola
ğŸ‡¦ğŸ‡¶,Antartika
ğŸ‡¦ğŸ‡·,Argentina
ğŸ‡¦ğŸ‡¸,Samoa Amerika
ğŸ‡¦ğŸ‡¹,Austria
ğŸ‡¦ğŸ‡º,Australia
ğŸ‡¦ğŸ‡¼,Aruba
ğŸ‡¦ğŸ‡½,Pulau Aland
ğŸ‡¦ğŸ‡¿,Azerbaijan
ğŸ‡§ğŸ‡¦,Bosnia Herzegovina
ğŸ‡§ğŸ‡§,Barbados
ğŸ‡§ğŸ‡©,Bangladesh
ğŸ‡§ğŸ‡ª,Belgium
ğŸ‡§ğŸ‡«,Burkina Faso
ğŸ‡§ğŸ‡¬,Bulgaria
ğŸ‡§ğŸ‡­,Bahrain
ğŸ‡§ğŸ‡®,Burundi
ğŸ‡§ğŸ‡¯,Benin
ğŸ‡§ğŸ‡±,St Barthelemy
ğŸ‡§ğŸ‡²,Bermuda
ğŸ‡§ğŸ‡³,Brunei
ğŸ‡§ğŸ‡´,Bolivia
ğŸ‡§ğŸ‡¶,Karibia Belanda
ğŸ‡§ğŸ‡·,Brazil
ğŸ‡§ğŸ‡¸,Bahama
ğŸ‡§ğŸ‡¹,Bhutan
ğŸ‡§ğŸ‡»,Pulau Bouvet
ğŸ‡§ğŸ‡¼,Botswana
ğŸ‡§ğŸ‡¾,Belarus
ğŸ‡§ğŸ‡¿,Belize
ğŸ‡¨ğŸ‡¦,Kanada
ğŸ‡¨ğŸ‡¨,Kepulauan Keeling Cocos
ğŸ‡¨ğŸ‡©,Kongo Kinshasa
ğŸ‡¨ğŸ‡«,Republik Afrika Tengah
ğŸ‡¨ğŸ‡¬,Kongo Brazzaville
ğŸ‡¨ğŸ‡­,Swiss
ğŸ‡¨ğŸ‡®,Cote d'Avoire
ğŸ‡¨ğŸ‡°,Pulau Masak
ğŸ‡¨ğŸ‡±,Chili
ğŸ‡¨ğŸ‡²,Kamerun
ğŸ‡¨ğŸ‡³,Cina
ğŸ‡¨ğŸ‡´,Kolumbia
ğŸ‡¨ğŸ‡µ,Pulau Clipperton
ğŸ‡¨ğŸ‡·,Kosta Rika
ğŸ‡¨ğŸ‡º,Kuba
ğŸ‡¨ğŸ‡»,Cape Verde
ğŸ‡¨ğŸ‡¼,Curacao
ğŸ‡¨ğŸ‡½,Pulau Natal
ğŸ‡¨ğŸ‡¾,Siprus
ğŸ‡¨ğŸ‡¿,Ceko
ğŸ‡©ğŸ‡ª,Jerman
ğŸ‡©ğŸ‡¬,Diego Garcia
ğŸ‡©ğŸ‡¯,Djibouti
ğŸ‡©ğŸ‡°,Denmark
ğŸ‡©ğŸ‡²,Dominika
ğŸ‡©ğŸ‡´,Republik Dominika
ğŸ‡©ğŸ‡¿,Aljazair
ğŸ‡ªğŸ‡¦,Ceuta Melilla
ğŸ‡ªğŸ‡¨,Ekuador
ğŸ‡ªğŸ‡ª,Estonia
ğŸ‡ªğŸ‡¬,Mesir
ğŸ‡ªğŸ‡­,Sahara Barat
ğŸ‡ªğŸ‡·,Eritrea
ğŸ‡ªğŸ‡¸,Spanyol
ğŸ‡ªğŸ‡¹,Etiopia
ğŸ‡ªğŸ‡º,Uni Eropa
ğŸ‡«ğŸ‡®,Finlandia
ğŸ‡«ğŸ‡¯,fiji
ğŸ‡«ğŸ‡°,Kepulauan Falkland
ğŸ‡«ğŸ‡²,Mikronesia
ğŸ‡«ğŸ‡´,Kepulauan Faroe
ğŸ‡«ğŸ‡·,Perancis
ğŸ‡¬ğŸ‡¦,Gabon
ğŸ‡¬ğŸ‡§,Britania Raya
ğŸ‡¬ğŸ‡©,Grenada
ğŸ‡¬ğŸ‡ª,Georgia
ğŸ‡¬ğŸ‡«,Guyana Perancis
ğŸ‡¬ğŸ‡¬,Guernsey
ğŸ‡¬ğŸ‡­,Ghana
ğŸ‡¬ğŸ‡®,Gibraltar
ğŸ‡¬ğŸ‡±,tanah penggembalaan
ğŸ‡¬ğŸ‡²,Gambia
ğŸ‡¬ğŸ‡³,guinea
ğŸ‡¬ğŸ‡µ,Guadeloupe
ğŸ‡¬ğŸ‡¶,Guinea ekuator
ğŸ‡¬ğŸ‡·,Yunani
ğŸ‡¬ğŸ‡¸,Kepulauan Sandwich Selatan Georgia Selatan
ğŸ‡¬ğŸ‡¹,Guatemala
ğŸ‡¬ğŸ‡º,Guam
ğŸ‡¬ğŸ‡¼,Guinea Bissau
ğŸ‡¬ğŸ‡¾,Guyana
ğŸ‡­ğŸ‡°,Hong Kong Sar China
ğŸ‡­ğŸ‡²,Mendengar Kepulauan McDonald
ğŸ‡­ğŸ‡³,bendera
ğŸ‡­ğŸ‡·,Kroasia
ğŸ‡­ğŸ‡¹,Haiti
ğŸ‡­ğŸ‡º,Hungaria
ğŸ‡®ğŸ‡¨,Pulau Canary
ğŸ‡®ğŸ‡©,Indonesia
ğŸ‡®ğŸ‡ª,Irlandia
ğŸ‡®ğŸ‡±,Israel
ğŸ‡®ğŸ‡²,Pulau manusia
ğŸ‡®ğŸ‡³,India
ğŸ‡®ğŸ‡´,Wilayah Samudra Hindia Inggris
ğŸ‡®ğŸ‡¶,Irak
ğŸ‡®ğŸ‡·,Iran
ğŸ‡®ğŸ‡¸,Islandia
ğŸ‡®ğŸ‡¹,Italia
ğŸ‡¯ğŸ‡ª,Jersey
ğŸ‡¯ğŸ‡²,Jamaika
ğŸ‡¯ğŸ‡´,Yordania
ğŸ‡¯ğŸ‡µ,Jepang
ğŸ‡°ğŸ‡ª,Kenya
ğŸ‡°ğŸ‡¬,Kyrgyzstan
ğŸ‡°ğŸ‡­,Kamboja
ğŸ‡°ğŸ‡®,Kiribati
ğŸ‡°ğŸ‡²,Komoro
ğŸ‡°ğŸ‡³,St Kitts Nevis
ğŸ‡°ğŸ‡µ,Korea Utara
ğŸ‡°ğŸ‡·,Korea Selatan
ğŸ‡°ğŸ‡¼,Kuwait
ğŸ‡°ğŸ‡¾,Pulau cayman
ğŸ‡°ğŸ‡¿,Kazakhstan
ğŸ‡±ğŸ‡¦,Laos
ğŸ‡±ğŸ‡§,Libanon
ğŸ‡±ğŸ‡¨,St Lucia
ğŸ‡±ğŸ‡®,Liechtenstein
ğŸ‡±ğŸ‡°,Srilanka
ğŸ‡±ğŸ‡·,Liberia
ğŸ‡±ğŸ‡¸,Lesotho
ğŸ‡±ğŸ‡¹,Lithuania
ğŸ‡±ğŸ‡º,Luksemburg
ğŸ‡±ğŸ‡»,Latvia
ğŸ‡±ğŸ‡¾,Libya
ğŸ‡²ğŸ‡¦,Maroko
ğŸ‡²ğŸ‡¨,Monako
ğŸ‡²ğŸ‡©,Moldova
ğŸ‡²ğŸ‡ª,Montenegro
ğŸ‡²ğŸ‡«,St Martin
ğŸ‡²ğŸ‡¬,Madagaskar
ğŸ‡²ğŸ‡­,Pulau Marshall
ğŸ‡²ğŸ‡°,Makedonia Utara
ğŸ‡²ğŸ‡±,Mali
ğŸ‡²ğŸ‡²,Myanmar Burma
ğŸ‡²ğŸ‡³,Mongolia
ğŸ‡²ğŸ‡´,Macao Sar China
ğŸ‡²ğŸ‡µ,Kepulauan Mariana Utara
ğŸ‡²ğŸ‡¶,Martinique
ğŸ‡²ğŸ‡·,Mauritania
ğŸ‡²ğŸ‡¸,Montserrat
ğŸ‡²ğŸ‡¹,Malta
ğŸ‡²ğŸ‡º,Mauritius
ğŸ‡²ğŸ‡»,Maladewa
ğŸ‡²ğŸ‡¼,Malawi
ğŸ‡²ğŸ‡½,Meksiko
ğŸ‡²ğŸ‡¾,Malaysia
ğŸ‡²ğŸ‡¿,Mozambik
ğŸ‡³ğŸ‡¦,Namibia
ğŸ‡³ğŸ‡¨,Kaledonia Baru
ğŸ‡³ğŸ‡ª,Niger
ğŸ‡³ğŸ‡«,Pulau Norfolk
ğŸ‡³ğŸ‡¬,Nigeria
ğŸ‡³ğŸ‡®,Nikaragua
ğŸ‡³ğŸ‡±,Belanda
ğŸ‡³ğŸ‡´,Norway
ğŸ‡³ğŸ‡µ,Nepal
ğŸ‡³ğŸ‡·,Nauru
ğŸ‡³ğŸ‡º,niue
ğŸ‡³ğŸ‡¿,Selandia Baru
ğŸ‡´ğŸ‡²,Oman
ğŸ‡µğŸ‡¦,Panama
ğŸ‡µğŸ‡ª,Peru
ğŸ‡µğŸ‡«,Polinesia Perancis
ğŸ‡µğŸ‡¬,Papua Nugini
ğŸ‡µğŸ‡­,Filipina
ğŸ‡µğŸ‡°,Pakistan
ğŸ‡µğŸ‡±,Polandia
ğŸ‡µğŸ‡²,St Pierre Miquelon
ğŸ‡µğŸ‡³,Kepulauan Pitcairn
ğŸ‡µğŸ‡·,Puerto Rico
ğŸ‡µğŸ‡¸,Wilayah Palestina
ğŸ‡µğŸ‡¹,Portugal
ğŸ‡µğŸ‡¼,Palau
ğŸ‡µğŸ‡¾,Paraguay
ğŸ‡¶ğŸ‡¦,Qatar
ğŸ‡·ğŸ‡ª,reuni
ğŸ‡·ğŸ‡´,Rumania
ğŸ‡·ğŸ‡¸,Serbia
ğŸ‡·ğŸ‡º,Rusia
ğŸ‡·ğŸ‡¼,Rwanda
ğŸ‡¸ğŸ‡¦,Arab Saudi
ğŸ‡¸ğŸ‡§,Pulau Solomon
ğŸ‡¸ğŸ‡¨,Seychelles
ğŸ‡¸ğŸ‡©,Sudan
ğŸ‡¸ğŸ‡ª,Swedia
ğŸ‡¸ğŸ‡¬,Singapura
ğŸ‡¸ğŸ‡­,St Helena
ğŸ‡¸ğŸ‡®,Slovenia
ğŸ‡¸ğŸ‡¯,Svalbard Jan Mayen
ğŸ‡¸ğŸ‡°,Slovakia
ğŸ‡¸ğŸ‡±,Sierra Leone
ğŸ‡¸ğŸ‡²,San Marino
ğŸ‡¸ğŸ‡³,Senegal
ğŸ‡¸ğŸ‡´,Somalia
ğŸ‡¸ğŸ‡·,Suriname
ğŸ‡¸ğŸ‡¸,Sudan Selatan
ğŸ‡¸ğŸ‡¹,Sao Tome Principe
ğŸ‡¸ğŸ‡»,El Salvador
ğŸ‡¸ğŸ‡½,Sint Maarten
ğŸ‡¸ğŸ‡¾,Suriah
ğŸ‡¸ğŸ‡¿,Eswatini
ğŸ‡¹ğŸ‡¦,Tristan da Cunha
ğŸ‡¹ğŸ‡¨,Kepulauan Turks Caicos
ğŸ‡¹ğŸ‡©,Chad
ğŸ‡¹ğŸ‡«,Wilayah Selatan Prancis
ğŸ‡¹ğŸ‡¬,untuk pergi
ğŸ‡¹ğŸ‡­,Thailand
ğŸ‡¹ğŸ‡¯,Tajikistan
ğŸ‡¹ğŸ‡°,Tokelau
ğŸ‡¹ğŸ‡±,Timor Leste
ğŸ‡¹ğŸ‡²,Turkmenistan
ğŸ‡¹ğŸ‡³,Tunisia
ğŸ‡¹ğŸ‡´,Tonga
ğŸ‡¹ğŸ‡·,Turki
ğŸ‡¹ğŸ‡¹,Trinidad Tobago
ğŸ‡¹ğŸ‡»,Tuvalu
ğŸ‡¹ğŸ‡¼,Taiwan
ğŸ‡¹ğŸ‡¿,Tanzania
ğŸ‡ºğŸ‡¦,Ukraina
ğŸ‡ºğŸ‡¬,Uganda
ğŸ‡ºğŸ‡²,AS terpencil
ğŸ‡ºğŸ‡³,Persatuan negara-negara
ğŸ‡ºğŸ‡¸,Amerika Serikat
ğŸ‡ºğŸ‡¾,Uruguay
ğŸ‡ºğŸ‡¿,Uzbekistan
ğŸ‡»ğŸ‡¦,kota Vatikan
ğŸ‡»ğŸ‡¨,St Vincent Grenadines
ğŸ‡»ğŸ‡ª,Venezuela
ğŸ‡»ğŸ‡¬,Kepulauan Virgin Inggris
ğŸ‡»ğŸ‡®,Kepulauan Virgin AS
ğŸ‡»ğŸ‡³,Vietnam
ğŸ‡»ğŸ‡º,Vanuatu
ğŸ‡¼ğŸ‡«,Wallis Futuna
ğŸ‡¼ğŸ‡¸,Samoa
ğŸ‡½ğŸ‡°,Kosovo
ğŸ‡¾ğŸ‡ª,Yaman
ğŸ‡¾ğŸ‡¹,Mayotte
ğŸ‡¿ğŸ‡¦,Afrika Selatan
ğŸ‡¿ğŸ‡²,Zambia
ğŸ‡¿ğŸ‡¼,Zimbabwe
ğŸ´ó §ó ¢ó ¥ó ®ó §ó ¿,Inggris
ğŸ´ó §ó ¢ó ³ó £ó ´ó ¿,Skotlandia
ğŸ´ó §ó ¢ó ·ó ¬ó ³ó ¿,Wales
